"Berea, KY Small Business AI Opportunity Matrix (with Owner & Contact Info)",,,,,
"Berea Small Business Categories, Contacts, Operational Bottlenecks, and AI Solution Concepts",,,,,
,,,,,
Business Category,Local Berea Examples,Owner / Decision Maker & Public Contact Info,The Main Problem / Fatal Flaw,AI Solution Idea,How It Helps
Artisans & Crafters,"Studio Artists at Old Town, Berea College Student Craft, Guild Galleries","Berea College Student Craft / Guilds
Contact: (859) 985-3101
Email: craft@berea.edu
Web: berea.edu/student-craft",Manual Cataloging: Digitizing handcrafted items for online sale takes hours of photographing and typing descriptions.,AI Instant Inventory App,"Snap a photo of a craft; AI auto-generates measurements, descriptions, and posts it to the online store."
Food Trucks & Pop-Ups,"Bert's SpeakCheezy, Local Event Vendors","Bert's SpeakCheezy
Email: Bertsspeakcheezy@hotmail.com
Web: bertsspeakcheezy.com","Inconsistent Visibility: Customers don't know real-time location changes, opening hours, or sold-out items.",AI Location & Menu Sync,"Owner texts simple updates; AI automatically updates social media, website menu, and sends fan alerts."
Farm-to-Table & Grocers,"Native Bagel Co., Happy Meadow Natural Foods, Farmers Market Vendors","Native Bagel Co.: Katie Startzman (Owner)
Email: katie@nativebagelcompany.com
Happy Meadow Natural Foods
Phone: (859) 986-3456",Supply & Waste: Perishable goods go to waste if overstocked or miss sales if understocked.,Predictive AI Demand Planner,"Analyzes weather, events, and sales trends to recommend exact prep quantities and discount expiring food."
Dining & Hospitality,"Boone Tavern, PapaLeno's, Nightjar, Apollo Pizza","Boone Tavern: General Mgr / Events
Phone: (859) 985-3700 | Email: efejeran@boonetavernhotel.com
PapaLeno's: (859) 986-4497
Apollo Pizza (Old Town): (859) 756-6036","Staff Shortages: Staff are bogged down taking phone calls for basic queries (menu, reservations) during busy rushes.",AI Voice & Chat Receptionist,"Answers phone calls/texts 24/7, handles reservation bookings, and answers menu/allergen questions."
Auto & Trade Services,"Smith's Tire Center, Area Plumbing & Electric, Local HVAC","Smith's Tire Center
Rick Smith (President), Donna Smith (VP)
Phone: (859) 986-4889",Delayed Quoting: Customers wait hours or days for quotes and service scheduling.,AI Visual Quote & Intake Tool,Customer uploads a quick video/photo of the issue; AI estimates parts/labor and schedules appointments.
